"model","auc"
"GLM",0.989756722151088
"LASSO",0.990396927016645
