"bin","mean_pred","obs","n","model"
1,0.000833911103827017,0,21,"LASSO"
2,0.00155703124010263,0,21,"LASSO"
3,0.00327807477561226,0,21,"LASSO"
4,0.00564350524364981,0,20,"LASSO"
5,0.013593730071548,0,20,"LASSO"
6,0.030917447645121,0,20,"LASSO"
7,0.585914072172562,0.7,20,"LASSO"
8,0.981372121615743,0.85,20,"LASSO"
9,0.999089055037382,1,20,"LASSO"
10,0.999950508302761,1,20,"LASSO"
