"bin","mean_pred","obs","n","model"
1,5.34198852617811e-05,0,21,"GLM"
2,0.000138244388006921,0,21,"GLM"
3,0.000427346369353025,0,21,"GLM"
4,0.00100524556832881,0,20,"GLM"
5,0.00345841893960606,0,20,"GLM"
6,0.0131896031513884,0,20,"GLM"
7,0.591490387603564,0.7,20,"GLM"
8,0.994745238196638,0.9,20,"GLM"
9,0.999971778170307,0.95,20,"GLM"
10,0.999999542564261,1,20,"GLM"
