"model","auc","sens","spec"
"GLM",0.989756722151088,0.929577464788732,0.954545454545455
"LASSO",0.990396927016645,0.943661971830986,0.962121212121212
