"variable","VIF"
"Marginal_Adhesion",1.57829793224166
"Bare_Nuclei",1.82491220727873
"Bland_Chromatin",1.67711843721327
"Epithelial_Cell_Size",1.94628707044448
"Mitoses",1.16991656399109
"Normal_Nucleoli",1.54083202953524
"Clump_Thickness",1.99973170568984
"Cell_Shape_Uniformity",3.95034964441873
"Cell_Size_Uniformity",2.86830409067141
