"lambda_min","lambda_1se","cvm_at_min","n_lambda"
0.00319083454635455,0.00808992861496056,0.0209205020920502,88
