"Class","Marginal_Adhesion_mean","Marginal_Adhesion_sd","Bare_Nuclei_mean","Bare_Nuclei_sd","Bland_Chromatin_mean","Bland_Chromatin_sd","Epithelial_Cell_Size_mean","Epithelial_Cell_Size_sd","Mitoses_mean","Mitoses_sd","Normal_Nucleoli_mean","Normal_Nucleoli_sd","Clump_Thickness_mean","Clump_Thickness_sd","Cell_Shape_Uniformity_mean","Cell_Shape_Uniformity_sd","Cell_Size_Uniformity_mean","Cell_Size_Uniformity_sd","Class_bin_mean","Class_bin_sd"
"Benign",1.34083601286174,0.912054367784983,1.2604501607717,0.922660139046582,2.08038585209003,0.991887015056604,2.10610932475884,0.911394522205569,1.05466237942122,0.432810543182354,1.2572347266881,0.966238503023788,2.93890675241158,1.61628729111067,1.35691318327974,0.871377546143125,1.28295819935691,0.747252339934371,0,0
"Malignant",5.65868263473054,3.13313510776216,7.64670658682635,3.02415545177866,6.01197604790419,2.20620162038384,5.36526946107784,2.54681298937651,2.69461077844311,2.63825557292615,6,3.39914943294199,7.31736526946108,2.3773271930136,6.53293413173653,2.57135384887362,6.61077844311377,2.69504297169666,1,0
